{
  "mean_reward": 103.6314461594537,
  "std_reward": 13.49829497020388,
  "min_reward": 73.99392365723291,
  "max_reward": 120.52478163796954
}